0AAH, Hjkhjjkhkjhkjh Ioilllkjlkjlk
0F2E, Tiujskjhfkdjh Euyiuyiuy
0KO1, Gkshdkjhk Toiuooiu
0U0B, Adjhgjg Nkjh
11H1, Phsgd Ntyuyt
1PZ2, Hlkjhastoppoi
1ROG, Kkuyuiyiyqwuii Ooiuuyiuy
1ZNS, Cjhgjh
21FQ, Khguyt Bjgfu
21Y5, Iiuyfhj Loioiuo
2T0Y, Bshdgjhg Yryetre
2TRU, Qlfkjlk
3G3Y, Ynabsdmnr Igasdhjh
3HLN, Nkjshdkjh
3I10, Nkhfduyuy Poiuuy
3IP1, Gufyiau
3PMW, Viadfiuy Igfdsjah
4U0Z, Riaashd Wuytyf
5LCH, Bkuysadfui
5T3E, Dyuatsduyt
AHDH, Noiusdoiu Ogdsadsa
ALNY, Puiaysiduyi Thsjhj
ANNV, Wkjhfjkjh
AO1H, Hkahsdkjkj
AXTV, Biuysui Ufdajhgd
B5YG, Njshiuyiyu Jiaodou
BEHY, Fuyatsdyu
BF0G, Viuysdiuyiuy Oiydus
BRC2, Tiusydiuy
BW5P, Biuyadsiuy
C42A, Joiasdoiu Ialksd
CIAW, Fisuydiuy Rnzlo
CU14, Znbvznbcv
DBLL, Misdoiu Niusydiuy2
DBWM, Djhsgdgjhg
DBZG, Gsaydiuyiu Okajdkjh
DH5J, Juyasdiuyiuy
DQTM, Bkjhsadkjh Yoiasudoiu
EE0S, Qkasjhd
FFAU, Lkjasduiyuiy Poiuczin
FFSE, Bmzcyuyiuy
FX4F, Butysadytuyt Oiusydiu
G3XP, Noiusoi Fjhsgd
GARC, Oouisdoiu
GHRC, Giuysdiuyi Ohsakdh
GSWR, Loisadoiu
GZUU, Ksydiuyiuy Tkalkdk
H3XQ, Vuaysdiuyi Tsdfiuy
HIRY, Sidoiuoi Ukjljklk
HKPE, Uuaysdiu Ikjsdkjh
HXA2, Vgasyu Niasdk
J1IP, Jksajdkjh
JEKQ, Kytsuydv
JM3Q, Nsiuyiuy Ukasjdhkjh
JQTM, Janbasmd Uvsmy
JWUI, Liusydiu Rbamyt
K2KI, Rjhgdjhg
KV5X, Bkjhsdkjhk Uakjhdkj
L3AP, Hkjshdkj
LJU5, Reuiyiuyi Opo
LOL4, Nkdkl
LZCW, Zashdgjh Niuooiu
M5BI, Mkjshdkjh
MFHL, Bjshgimn
NRRO, Nshdkhuiufnoivoiseufo
OHBR, Buiydisa Okajdkjkj
OKIB, Oksjdkj Rxcsas
Q3DH, Wekdhfkjuy
QXY5, Nlisaidooiuo Rbasdm
R4NX, Niaudoiuooai Riasdlkjnn
REZR, Rksjahdkjoon Rgahsdjh
S0PH, Bjsdgjhie
SKGG, Pusaydiumnbmn
SUR1, Slkdjfiu Ilskdjslkd
SWDN, Sdhakwdyboioiin
UBJP, Gkjshdkjunczoo Ykasdlk
UH1P, Bjksuijadloiu
UNU4, Udtyutyu
UUYC, Nsiuyiuyiu Rqdakuuiyiuipppnkguyt
UXWV, Nksahaiuyiuy Usdlkjllffdger
UYP5, Fuasiuyh Hkadiuyiuy
UZBV, Buaoahd Onllkdasi
V20F, Vaysdiuyiui Ytasduytuy
VLDE, Vgasasjdjh Poyasduy
VSJV, Zkjhasuyiuy
VZXG, Nsyddiuyiuy Yakhdjkj
W1A3, Weiueoiuoiu Iiuodiui
WK0Z, Gyatrewtyr
WSZR, Xkjhadkjh Ukajdhkjh
WTKH, Nmnbasuii Oasdco
XCCN, Xbmnasdi
XIHC, Lasisaoi Uusdjakjh
XIQY, Mngsadytuyt 
XMSH, Nkjsayiduiuyiuy Ukjshdjhkjh
XUDH, Xmnbuytauysd
XX45, Yiasuydiuy Llasdlkj
Y0LZ, Ylskajdlkop Rasdhgjhg
YCRV, Lskajhdkjh Yjsdkjhakj
YVGA, Zlasiuoiu
ZUZ3, Rlksjdlkjldsk Ziuaoidu
